{"cameraMode":{"drawMode":0,"name":"Shaded","section":"Shading Mode"},"sceneLighting":true,"audioPlay":false,"sceneViewState":{"showFog":true,"showMaterialUpdate":false,"showSkybox":true,"showFlares":true,"showImageEffects":true,"showParticleSystems":true},"in2DMode":false,"pivot":{"x":2.282521963119507,"y":13.639227867126465,"z":-18.04161262512207},"rotation":{"x":-0.24186904728412629,"y":0.06338600069284439,"z":-0.016027910634875299,"w":-0.9682216644287109},"size":7.936066150665283,"orthographic":false}