{"cameraMode":{"drawMode":0,"name":"Shaded","section":"Shading Mode"},"sceneLighting":true,"audioPlay":false,"sceneViewState":{"showFog":true,"showMaterialUpdate":false,"showSkybox":true,"showFlares":true,"showImageEffects":true,"showParticleSystems":true},"in2DMode":false,"pivot":{"x":67.89908599853516,"y":23.883071899414064,"z":-41.080291748046878},"rotation":{"x":-0.1393493413925171,"y":0.08930183947086334,"z":-0.01336798258125782,"w":-0.9863916635513306},"size":22.0,"orthographic":false}