{"cameraMode":{"drawMode":0,"name":"Shaded","section":"Shading Mode"},"sceneLighting":true,"audioPlay":false,"sceneViewState":{"showFog":true,"showMaterialUpdate":false,"showSkybox":true,"showFlares":true,"showImageEffects":true,"showParticleSystems":true},"in2DMode":false,"pivot":{"x":8.154952049255371,"y":23.08393669128418,"z":-33.6301155090332},"rotation":{"x":-0.13117937743663789,"y":0.04626309499144554,"z":-0.007576238829642534,"w":-0.9907077550888062},"size":2.8578836917877199,"orthographic":false}