{"cameraMode":{"drawMode":0,"name":"Shaded","section":"Shading Mode"},"sceneLighting":true,"audioPlay":false,"sceneViewState":{"showFog":true,"showMaterialUpdate":false,"showSkybox":true,"showFlares":true,"showImageEffects":true,"showParticleSystems":true},"in2DMode":false,"pivot":{"x":5.378910064697266,"y":7.609127998352051,"z":-12.782794952392579},"rotation":{"x":0.038551878184080127,"y":-0.05784859508275986,"z":0.003940157126635313,"w":0.997928261756897},"size":18.062089920043947,"orthographic":false}