{"cameraMode":{"drawMode":0,"name":"Shaded","section":"Shading Mode"},"sceneLighting":true,"audioPlay":false,"sceneViewState":{"showFog":true,"showMaterialUpdate":false,"showSkybox":true,"showFlares":true,"showImageEffects":true,"showParticleSystems":true},"in2DMode":false,"pivot":{"x":49.02993392944336,"y":18.0576171875,"z":-26.036422729492189},"rotation":{"x":-0.15329110622406007,"y":0.06090093404054642,"z":-0.010813969187438488,"w":-0.9866847395896912},"size":47.71311950683594,"orthographic":false}