{"cameraMode":{"drawMode":0,"name":"Shaded","section":"Shading Mode"},"sceneLighting":true,"audioPlay":false,"sceneViewState":{"showFog":true,"showMaterialUpdate":false,"showSkybox":true,"showFlares":true,"showImageEffects":true,"showParticleSystems":true},"in2DMode":false,"pivot":{"x":-0.9173269271850586,"y":1.478689432144165,"z":-1.1285407543182374},"rotation":{"x":-0.14825183153152467,"y":-0.019893819466233255,"z":0.0027461841236799957,"w":-0.9888532757759094},"size":7.936066150665283,"orthographic":false}